/* TEST INSERT STATEMENTS */

-- Insert employees
INSERT INTO employee (id, name, email, phone_number, role, business_unit, password_hash) VALUES
    ('abcd-abcd-abcc', 'Jacob Lee', 'jakoblwr@gmail.com', NULL, 'Accountant', 'BB1', 'password'),
    ('abcd-abcd-abcd', 'Jakob Lie', 'liefamily1456@gmail.com', '+6583885396', 'BU Manager', 'BB1', 'password'),
    ('abcd-abcd-abce', 'Jeremy Lin Kairui son of Lin Chee', 'jeremylin.2022@scis.smu.edu.sg', '+6596694584', 'BU Manager', 'MCE', 'hashed_password_1'),
    ('abcd-abcd-abcf', 'Sarah Thauheed', 'sthauheed.2022@scis.smu.edu.sg', '+6582689919', 'BU Manager', 'HQ', 'hashed_password_1'),
    ('abcd-abcd-abcg', 'Benedict Ting', NULL, NULL, 'Senior Manager', 'TOTAL', 'hashed_password_1'),
    ('abcd-abcd-abch', 'Zachary Tay', NULL, NULL, 'Accountant', 'TOTAL', 'hashed_password_1');

-- Insert notifications
INSERT INTO notification (employee_id, type, subject, body, is_read,created_at) VALUES 
    ('abcd-abcd-abcd', 'ALERT', 'Prediction for January Profit is more than 5% below Target', 'Predicted Profit: SGD1,000,000\\nTarget Profit: SGD2,000,000', FALSE, '2025-09-01 00:00:00'),
    ('abcd-abcd-abcd', 'ALERT', 'Budget for August 2025 has been exceeded.', 'Budget exceeded by 10%.', FALSE, '2025-09-01 00:00:00'),
    ('abcd-abcd-abcd', 'ALERT', 'Budget for October 2025 is in the red.', 'Budget deficit of 5%.', FALSE,'2025-09-30 00:00:00'),
    ('abcd-abcd-abcd', 'ALERT', 'Budget for September 2025 has been exceeded.', 'Budget exceeded by 15%.', FALSE, '2025-09-30 00:00:00'),
    ('abcd-abcd-abcd', 'ALERT', 'Target for September 2025 is in the yellow.', 'Target at risk of not being met.', FALSE, '2025-08-31 00:00:00');

-- Insert parameters
INSERT INTO parameter (employee_id, kpi_alias, month, value, is_notified) VALUES
    ('abcd-abcd-abcd', 'SALES', '2025-07-01', 4110000, FALSE),
    ('abcd-abcd-abcd', 'COST', '2025-07-01', 3120000, FALSE),
    ('abcd-abcd-abcd', 'SALES', '2025-09-15', 4500000, FALSE),
    ('abcd-abcd-abcd', 'COST', '2025-09-15', 2560000, FALSE),
    ('abcd-abcd-abcd', 'GPM', '2025-09-15', 0.74, FALSE),
    ('abcd-abcd-abcd', 'OPM', '2025-09-15', 0.77, FALSE),
    ('abcd-abcd-abcd', 'NPM', '2025-09-15', 0.78, FALSE),
    ('abcd-abcd-abcd', 'QR', '2025-09-15', 0.72, FALSE),
    ('abcd-abcd-abcd', 'ROS', '2025-09-15', 0.70, FALSE),
    ('abcd-abcd-abcd', 'DSO', '2025-09-15', 0.65, FALSE),
    ('abcd-abcd-abcd', 'RT', '2025-09-15', 0.67, FALSE),
    ('abcd-abcd-abcd', 'COGSR', '2025-09-15', 0.12, FALSE),
    ('abcd-abcd-abcd', 'DPO', '2025-09-15', 0.67, FALSE),
    ('abcd-abcd-abcd', 'OHR', '2025-09-15', 0.14, FALSE),
    ('abcd-abcd-abce', 'SALES', '2025-07-01', 5000000, FALSE),
    ('abcd-abcd-abce', 'COST', '2025-07-01', 2000000, FALSE),
    ('abcd-abcd-abce', 'SALES', '2025-09-15', 5310000, FALSE),
    ('abcd-abcd-abce', 'COST', '2025-09-15', 2450000, FALSE),
    ('abcd-abcd-abce', 'GPM', '2025-09-15', 84, FALSE),
    ('abcd-abcd-abce', 'OPM', '2025-09-15', 80, FALSE),
    ('abcd-abcd-abce', 'NPM', '2025-09-15', 77, FALSE),
    ('abcd-abcd-abce', 'QR', '2025-09-15', 75, FALSE),
    ('abcd-abcd-abce', 'ROS', '2025-09-15', 71, FALSE),
    ('abcd-abcd-abce', 'DSO', '2025-09-15', 65, FALSE),
    ('abcd-abcd-abce', 'RT', '2025-09-15', 69, FALSE),
    ('abcd-abcd-abce', 'COGSR', '2025-09-15', 11, FALSE),
    ('abcd-abcd-abce', 'DPO', '2025-09-15', 67, FALSE),
    ('abcd-abcd-abce', 'OHR', '2025-09-15', 15, FALSE);

-- Insert KPI Entries
INSERT INTO kpi_entry (kpi_alias, business_unit, month, value) VALUES
    ('PROF', 'BB1', '2025-01-01', 1000000.0),
    ('SALES', 'BB1', '2025-01-01', 3000000.0),
    ('COST', 'BB1', '2025-01-01', 2000000.0),
    ('GPM', 'BB1', '2025-01-01', 81.0),
    ('OPM', 'BB1', '2025-01-01', 81.0),
    ('NPM', 'BB1', '2025-01-01', 81.0),
    ('QR', 'BB1', '2025-01-01', 81.0),
    ('ROS', 'BB1', '2025-01-01', 81.0),
    ('DSO', 'BB1', '2025-01-01', 81.0),
    ('RT', 'BB1', '2025-01-01', 81.0),
    ('COGSR', 'BB1', '2025-01-01', 13.0),
    ('DPO', 'BB1', '2025-01-01', 81.0),
    ('OHR', 'BB1', '2025-01-01', 6.0),

    ('PROF', 'BB1', '2025-02-01', 1000000.0),
    ('SALES', 'BB1', '2025-02-01', 4000000.0),
    ('COST', 'BB1', '2025-02-01', 3000000.0),
    ('GPM', 'BB1', '2025-02-01', 85.0),
    ('OPM', 'BB1', '2025-02-01', 85.0),
    ('NPM', 'BB1', '2025-02-01', 85.0),
    ('QR', 'BB1', '2025-02-01', 85.0),
    ('ROS', 'BB1', '2025-02-01', 85.0),
    ('DSO', 'BB1', '2025-02-01', 85.0),
    ('RT', 'BB1', '2025-02-01', 85.0),
    ('COGSR', 'BB1', '2025-02-01', 12.0),
    ('DPO', 'BB1', '2025-02-01', 85.0),
    ('OHR', 'BB1', '2025-02-01', 9.0),

    ('PROF', 'BB1', '2025-03-01', 1000000.0),
    ('SALES', 'BB1', '2025-03-01', 4500000.0),
    ('COST', 'BB1', '2025-03-01', 3500000.0),
    ('GPM', 'BB1', '2025-03-01', 83.0),
    ('OPM', 'BB1', '2025-03-01', 83.0),
    ('NPM', 'BB1', '2025-03-01', 83.0),
    ('QR', 'BB1', '2025-03-01', 83.0),
    ('ROS', 'BB1', '2025-03-01', 83.0),
    ('DSO', 'BB1', '2025-03-01', 83.0),
    ('RT', 'BB1', '2025-03-01', 83.0),
    ('COGSR', 'BB1', '2025-03-01', 11.0),
    ('DPO', 'BB1', '2025-03-01', 83.0),
    ('OHR', 'BB1', '2025-03-01', 14.0),
    
    ('PROF', 'BB1', '2025-04-01', 1500000.0),
    ('SALES', 'BB1', '2025-04-01', 5500000.0),
    ('COST', 'BB1', '2025-04-01', 4000000.0),
    ('GPM', 'BB1', '2025-04-01', 85.0),
    ('OPM', 'BB1', '2025-04-01', 85.0),
    ('NPM', 'BB1', '2025-04-01', 85.0),
    ('QR', 'BB1', '2025-04-01', 85.0),
    ('ROS', 'BB1', '2025-04-01', 85.0),
    ('DSO', 'BB1', '2025-04-01', 85.0),
    ('RT', 'BB1', '2025-04-01', 85.0),
    ('COGSR', 'BB1', '2025-04-01', 12.0),
    ('DPO', 'BB1', '2025-04-01', 85.0),
    ('OHR', 'BB1', '2025-04-01', 9.0),

    ('PROF', 'BB1', '2025-05-01', 1000000.0),
    ('SALES', 'BB1', '2025-05-01', 3000000.0),
    ('COST', 'BB1', '2025-05-01', 2000000.0),
    ('GPM', 'BB1', '2025-05-01', 82.2045),
    ('OPM', 'BB1', '2025-05-01', 82.2045),
    ('NPM', 'BB1', '2025-05-01', 82.2045),
    ('QR', 'BB1', '2025-05-01', 82.2045),
    ('ROS', 'BB1', '2025-05-01', 82.2045),
    ('DSO', 'BB1', '2025-05-01', 82.2045),
    ('RT', 'BB1', '2025-05-01', 82.2045),
    ('COGSR', 'BB1', '2025-05-01', 13.7955),
    ('DPO', 'BB1', '2025-05-01', 82.2045),
    ('OHR', 'BB1', '2025-05-01', 13.75),

    ('PROF', 'BB1', '2025-06-01', 1000000.0),
    ('SALES', 'BB1', '2025-06-01', 3000000.0),
    ('COST', 'BB1', '2025-06-01', 2000000.0),
    ('GPM', 'BB1', '2025-06-01', 80.0),
    ('OPM', 'BB1', '2025-06-01', 80.0),
    ('NPM', 'BB1', '2025-06-01', 80.0),
    ('QR', 'BB1', '2025-06-01', 80.0),
    ('ROS', 'BB1', '2025-06-01', 80.0),
    ('DSO', 'BB1', '2025-06-01', 80.0),
    ('RT', 'BB1', '2025-06-01', 80.0),
    ('COGSR', 'BB1', '2025-06-01', 6.0),
    ('DPO', 'BB1', '2025-06-01', 80.0),
    ('OHR', 'BB1', '2025-06-01', 6.0),

    ('PROF', 'BB1', '2025-07-01', 2000000.0),
    ('SALES', 'BB1', '2025-07-01', 4000000.0),
    ('COST', 'BB1', '2025-07-01', 2000000.0),
    ('GPM', 'BB1', '2025-07-01', 79.2045),
    ('OPM', 'BB1', '2025-07-01', 79.2045),
    ('NPM', 'BB1', '2025-07-01', 79.2045),
    ('QR', 'BB1', '2025-07-01', 79.2045),
    ('ROS', 'BB1', '2025-07-01', 79.2045),
    ('DSO', 'BB1', '2025-07-01', 79.2045),
    ('RT', 'BB1', '2025-07-01', 79.2045),
    ('COGSR', 'BB1', '2025-07-01', 5.7955),
    ('DPO', 'BB1', '2025-07-01', 79.2045),
    ('OHR', 'BB1', '2025-07-01', 5.75),

    ('PROF', 'BB1', '2025-08-01', 2000000.0),
    ('SALES', 'BB1', '2025-08-01', 4000000.0),
    ('COST', 'BB1', '2025-08-01', 2000000.0),
    ('GPM', 'BB1', '2025-08-01', 90.0),
    ('OPM', 'BB1', '2025-08-01', 90.0),
    ('NPM', 'BB1', '2025-08-01', 90.0),
    ('QR', 'BB1', '2025-08-01', 90.0),
    ('ROS', 'BB1', '2025-08-01', 90.0),
    ('DSO', 'BB1', '2025-08-01', 90.0),
    ('RT', 'BB1', '2025-08-01', 90.0),
    ('COGSR', 'BB1', '2025-08-01', 10.0),
    ('DPO', 'BB1', '2025-08-01', 90.0),
    ('OHR', 'BB1', '2025-08-01', 10.0),

    ('PROF', 'BB1', '2025-09-01', 2000000.0),
    ('SALES', 'BB1', '2025-09-01', 6000000.0),
    ('COST', 'BB1', '2025-09-01', 4000000.0),
    ('GPM', 'BB1', '2025-09-01', 87.2045),
    ('OPM', 'BB1', '2025-09-01', 87.2045),
    ('NPM', 'BB1', '2025-09-01', 87.2045),
    ('QR', 'BB1', '2025-09-01', 87.2045),
    ('ROS', 'BB1', '2025-09-01', 87.2045),
    ('DSO', 'BB1', '2025-09-01', 87.2045),
    ('RT', 'BB1', '2025-09-01', 87.2045),
    ('COGSR', 'BB1', '2025-09-01', 8.7955),
    ('DPO', 'BB1', '2025-09-01', 87.2045),
    ('OHR', 'BB1', '2025-09-01', 9.75),

    ('PROF', 'BB1', '2025-10-01', 2000000.0),
    ('SALES', 'BB1', '2025-10-01', 5000000.0),
    ('COST', 'BB1', '2025-10-01', 3000000.0),
    ('GPM', 'BB1', '2025-10-01', 90.0),
    ('OPM', 'BB1', '2025-10-01', 90.0),
    ('NPM', 'BB1', '2025-10-01', 90.0),
    ('QR', 'BB1', '2025-10-01', 90.0),
    ('ROS', 'BB1', '2025-10-01', 90.0),
    ('DSO', 'BB1', '2025-10-01', 90.0),
    ('RT', 'BB1', '2025-10-01', 90.0),
    ('COGSR', 'BB1', '2025-10-01', 10.0),
    ('DPO', 'BB1', '2025-10-01', 90.0),
    ('OHR', 'BB1', '2025-10-01', 10.0),

    ('PROF', 'BB1', '2025-11-01', 2500000.0),
    ('SALES', 'BB1', '2025-11-01', 6000000.0),
    ('COST', 'BB1', '2025-11-01', 3500000.0),
    ('GPM', 'BB1', '2025-11-01', 89.2045),
    ('OPM', 'BB1', '2025-11-01', 89.2045),
    ('NPM', 'BB1', '2025-11-01', 89.2045),
    ('QR', 'BB1', '2025-11-01', 89.2045),
    ('ROS', 'BB1', '2025-11-01', 89.2045),
    ('DSO', 'BB1', '2025-11-01', 89.2045),
    ('RT', 'BB1', '2025-11-01', 89.2045),
    ('COGSR', 'BB1', '2025-11-01', 10.7955),
    ('DPO', 'BB1', '2025-11-01', 89.2045),
    ('OHR', 'BB1', '2025-11-01', 10.75),

    ('PROF', 'BB1', '2025-12-01', 3000000.0),
    ('SALES', 'BB1', '2025-12-01', 6500000.0),
    ('COST', 'BB1', '2025-12-01', 3500000.0),
    ('GPM', 'BB1', '2025-12-01', 83.2045),
    ('OPM', 'BB1', '2025-12-01', 85.2045),
    ('NPM', 'BB1', '2025-12-01', 82.2045),
    ('QR', 'BB1', '2025-12-01', 81.2045),
    ('ROS', 'BB1', '2025-12-01', 81.2045),
    ('DSO', 'BB1', '2025-12-01', 81.2045),
    ('RT', 'BB1', '2025-12-01', 81.2045),
    ('COGSR', 'BB1', '2025-12-01', 12.7955),
    ('DPO', 'BB1', '2025-12-01', 81.2045),
    ('OHR', 'BB1', '2025-12-01', 13.75);

-- Insert KPI Forecasts
INSERT INTO kpi_forecast (kpi_alias, business_unit, month, value) VALUES
    ('PROF', 'BB1', '2026-01-01', 3000000.0),
    ('SALES', 'BB1', '2026-01-01', 6500000.0),
    ('COST', 'BB1', '2026-01-01', 3500000.0),
    ('GPM', 'BB1', '2026-01-01', 81.0),
    ('OPM', 'BB1', '2026-01-01', 81.0),
    ('NPM', 'BB1', '2026-01-01', 81.0),
    ('QR', 'BB1', '2026-01-01', 81.0),
    ('ROS', 'BB1', '2026-01-01', 81.0),
    ('DSO', 'BB1', '2026-01-01', 81.0),
    ('RT', 'BB1', '2026-01-01', 81.0),
    ('COGSR', 'BB1', '2026-01-01', 13.0),
    ('DPO', 'BB1', '2026-01-01', 81.0),
    ('OHR', 'BB1', '2026-01-01', 6.0),

    ('PROF', 'BB1', '2026-02-01', 2000000.0),
    ('SALES', 'BB1', '2026-02-01', 6500000.0),
    ('COST', 'BB1', '2026-02-01', 4500000.0),
    ('GPM', 'BB1', '2026-02-01', 83.0),
    ('OPM', 'BB1', '2026-02-01', 84.0),
    ('NPM', 'BB1', '2026-02-01', 85.0),
    ('QR', 'BB1', '2026-02-01', 86.0),
    ('ROS', 'BB1', '2026-02-01', 86.0),
    ('DSO', 'BB1', '2026-02-01', 86.0),
    ('RT', 'BB1', '2026-02-01', 86.0),
    ('COGSR', 'BB1', '2026-02-01', 12.0),
    ('DPO', 'BB1', '2026-02-01', 86.0),
    ('OHR', 'BB1', '2026-02-01', 11.0),

    ('PROF', 'BB1', '2026-03-01', 3000000.0),
    ('SALES', 'BB1', '2026-03-01', 7500000.0),
    ('COST', 'BB1', '2026-03-01', 4500000.0),
    ('GPM', 'BB1', '2026-03-01', 83.0),
    ('OPM', 'BB1', '2026-03-01', 84.0),
    ('NPM', 'BB1', '2026-03-01', 85.0),
    ('QR', 'BB1', '2026-03-01', 86.0),
    ('ROS', 'BB1', '2026-03-01', 86.0),
    ('DSO', 'BB1', '2026-03-01', 86.0),
    ('RT', 'BB1', '2026-03-01', 86.0),
    ('COGSR', 'BB1', '2026-03-01', 12.0),
    ('DPO', 'BB1', '2026-03-01', 86.0),
    ('OHR', 'BB1', '2026-03-01', 11.0);